Year,Month,Consumer_type,Consumption,Consumer_number,Installation_zone
-0.4225754,-0.38247576,0.0951586,-0.2618222,0.15349211,0.39042303
0.2664127,0.10068746,-0.006789498,-0.2687583,-0.13684405,0.2991893
0.17223068,-0.07888935,0.26209486,0.0038995992,0.27061772,0.08080409
-0.057378788,0.12067695,0.16401869,-0.26016772,-0.13769084,0.26172155
0.08846518,-0.3659797,0.1601031,-0.18296008,0.25844452,0.42451826
0.21225528,0.059307672,0.22321096,-0.5209566,-0.02421606,0.41140756
-0.17019059,-0.1879415,0.08025878,-0.1353733,-0.1666531,0.4774896
0.023898074,-0.18653817,0.051033072,-0.15350164,0.007849897,0.09095922
0.100112304,0.21864225,0.35300937,-0.45653737,-0.31377673,0.2193001
0.34534976,0.11460536,-0.038612112,-0.255145,-0.1259087,0.3918611
0.14306216,-0.0142538985,0.0020795807,-0.19708553,0.05547655,0.18349232
-0.15758659,-0.30434808,-0.012032218,-0.3117639,-0.4139897,0.5090939
0.061575,-0.22147097,-0.054492567,-0.29516894,0.12131214,0.12770177
-0.25015345,0.079778135,0.06337777,-0.14224106,-0.22687654,0.100646734
0.007782064,-0.045152243,0.122123465,-0.3909646,-0.15396816,0.36707798
0.12443284,-0.02150703,0.13392614,-0.14628898,-0.15266943,0.27636728
0.3144293,0.06971501,0.16856965,-0.32248354,-0.18530345,-0.006578671
0.18114905,0.295848,0.22218743,-0.19838965,-0.42362863,0.42582145
0.49331498,0.11170612,-0.11401814,-0.023421876,-0.27343222,0.30710632
0.3295175,0.008092733,0.32906476,-0.4166155,-0.14048506,0.06397852
-0.23868616,-0.12644136,0.18907127,-0.012566553,-0.12616906,-0.06774663
-0.051669825,-0.012610214,-0.15327571,-0.2843274,0.16890731,0.3864653
-0.004328373,0.088413656,0.3359286,-0.4216578,-0.088145934,-0.19860633
0.09340073,0.14618538,0.21977471,-0.32213727,0.03809785,-0.03586665
0.37059027,0.14684668,0.26553577,-0.4792592,-0.26008838,-0.08630692
-0.12009185,0.16183552,0.25507465,-0.386052,-0.37262055,0.689741
0.23713021,0.028791165,0.21287543,-0.34113505,0.03420533,0.13401532
0.23026416,0.098700896,0.026650993,-0.33502814,-0.24565786,0.23115961
-0.1865069,0.035203174,0.32436144,-0.16608591,-0.24331181,-0.020557368
0.05283756,0.094799526,0.08790197,-0.33571216,-0.35375437,0.42265362
0.06714417,0.0515846,-0.41690794,-0.53747183,-0.09029249,0.35096553
-0.015526179,0.0032598856,0.08243375,-0.30268678,-0.3657394,0.06441692
0.09660538,-0.26030806,-0.13245304,0.02790569,-0.18311253,0.21732244
-0.22263335,0.06880847,0.21030761,-0.29641038,-0.21920468,0.28375039
0.23733117,0.13857755,0.1674413,-0.42441243,-0.41876352,0.100419
-0.16295826,0.023277719,0.25935265,-0.54831636,-0.58785915,0.45250636
0.049621414,0.06602184,0.31954154,-0.170939,-0.27928066,-0.10903612
-0.19936357,0.36420292,0.028225977,-0.3406123,-0.14074278,0.42109376
0.0365115,-0.009632964,0.40445295,0.14001152,-0.1029238,-0.19551611
0.25493506,0.27796367,0.118460044,-0.24116163,-0.1580717,0.0010717576
0.23748505,0.05902566,0.2919129,-0.21864793,0.09943381,0.25339225
-0.04844863,-0.0122590335,0.0735181,-0.34261587,-0.13491283,0.5349417
0.050703585,0.18159236,0.022379503,-0.22092153,0.06129536,0.19314773
0.34496894,-0.19590907,0.21223035,-0.067645736,0.3202607,-0.010010184
-0.04666026,0.2598411,0.15463167,-0.16033904,-0.1759872,0.3068882
0.516202,-0.105273046,0.020009618,-0.22639933,-0.023921106,0.30629578
0.09968109,0.26920292,0.051922485,-0.2650847,-0.2746705,0.29006127
0.43659252,0.19542271,0.0115871085,-0.4516746,-0.22584449,0.32464826
0.19684969,0.3042955,0.07588225,0.11533991,0.31690875,0.11298536
-0.0957395,-0.20294562,0.47165585,-0.104560435,-0.04280735,0.26007196
0.048807885,0.21993084,0.26021218,-0.07843989,-0.29826343,-0.0046838457
0.069622956,-0.26077405,-0.13334446,-0.0064494684,-0.10340503,0.40546775
0.17472643,0.28168035,0.06199146,-0.36623847,-0.16991858,0.31895852
0.58979285,-0.08302046,0.53082216,-0.5883977,-0.03712456,0.32818455
0.042761967,-0.20820804,-0.161953,-0.3985774,-0.19459856,0.2033411
0.10588263,-0.061043072,-0.22270903,-0.563906,-0.11445273,0.35711083
-0.07270914,0.11449225,-0.41925332,0.01041257,-0.16724484,0.32684103
0.11296084,-0.032934174,-0.08590375,-0.3452788,-0.11413349,0.28575957
0.12243378,0.0803696,-0.07441073,-0.14863731,0.23630059,0.34605756
0.07639298,0.14431934,0.25030866,-0.39690128,-0.33447883,0.00088467426
0.20709692,0.18198104,0.30622983,-0.4124817,-0.26563406,-0.11398136
-0.02696172,-0.18821277,0.43625742,-0.06349782,0.046329122,-0.04691087
0.10711631,0.09494225,0.32942215,-0.454087,-0.34007403,0.24837707
0.00087075285,-0.26193643,0.15678819,-0.39282423,-0.13371046,0.34751168
-0.1583732,-0.17214888,0.11439184,-0.39789656,0.075272456,0.08885966
0.25013202,-0.07050732,0.29674882,0.029341372,-0.12963556,0.16095558
0.15282713,-0.17962025,0.63731074,-0.34554097,-0.36819288,-0.14570962
0.12491532,-0.17782605,0.115284055,-0.27260366,0.0020031529,0.22603852
-0.16854131,0.028580055,-0.20181778,-0.16509902,0.10355784,0.3048353
0.033378035,0.034046702,0.4022959,-0.33493826,-0.34625065,0.23635992
-0.09005343,0.04683838,0.19421268,-0.41166407,-0.46069458,0.46593252
0.11623195,-0.19262838,0.12364037,-0.21789885,-0.13210052,0.31588188
0.07080426,-0.01623265,0.5155273,-0.2770251,0.10462782,0.24626449
-0.045445953,-0.07221453,-0.21564293,-0.37943769,-0.2303219,0.5733539
-0.23424962,0.1736341,0.46611658,-0.31320158,-0.11672194,0.09285373
0.046130363,-0.07237343,0.4557001,-0.27331126,0.24216157,0.0812273
-0.1367237,-0.054288737,0.2365861,-0.027695876,-0.03269677,0.26632813
0.03648065,0.14132124,0.27687958,-0.23211846,-0.38452196,0.2687019
0.04812487,-0.0288167,0.060376722,-0.3143964,-0.060231682,0.36894128
0.21258761,0.034323398,-0.02701193,-0.09600666,-0.029542906,0.016830558
0.2457823,-0.2776533,0.22591743,-0.06673166,-0.119406804,0.2866398
0.34206238,-0.008684842,0.025345461,-0.26489753,-0.056527633,0.5128567
0.19552538,0.18095462,0.28478757,-0.4196331,-0.09304396,0.110611685
-0.0018191094,0.07308003,0.18080461,-0.18777774,-0.17487146,0.1354003
0.2596398,0.2656342,0.12758279,-0.09180401,0.063362926,-0.08891054
-0.0025581922,0.25646842,0.34670755,-0.45000568,-0.22910827,0.059214033
0.39035544,0.20981836,0.44146252,-0.37130782,-0.26048526,0.014368731
-0.104628,-0.41642714,0.12998256,-0.14450963,-0.1638279,0.16857561
0.14989275,0.049816567,0.18590817,-0.423286,-0.14436412,0.5533217
0.16531397,-0.078804724,0.38872033,-0.32945332,-0.07198052,0.25715744
0.36288548,-0.00090616173,0.39377114,-0.006261684,-0.28051707,-0.04014528
0.271108,-0.02234487,0.5818924,-0.5412246,-0.15017116,0.0027931577
0.09000552,0.13898827,0.025031708,-0.094499186,-0.47552866,0.28805798
0.09974472,-0.10339775,0.13320477,-0.28969175,0.20822161,0.22146866
0.17553578,0.23950188,-0.19833632,-0.13131051,-0.07355478,0.47961494
0.23074938,0.09197399,0.28955922,-0.54283935,-0.06585477,0.24402092
0.1248721,0.08541379,0.090620674,-0.03146722,0.061023932,-0.0019278874
0.07225139,0.17168006,0.25073734,-0.28839234,-0.19415908,0.38415506
0.24112807,0.06494916,0.2013633,-0.29553074,0.09584711,-0.001424904
0.0055685807,0.17496301,0.17757876,-0.04997206,-0.085228816,0.27270994
-0.22695446,0.062494803,0.451367,-0.37665367,-0.35666746,0.18256098
-0.1531428,-0.20104586,0.14933251,-0.31866482,0.01911706,-0.07301786
0.11794669,0.08011825,0.07938774,-0.11258551,-0.063030146,0.43466458
0.08853554,-0.040972497,0.29427937,-0.21186373,0.06358138,-0.14630258
-0.026424946,0.14737348,0.30461612,-0.26988682,-0.34066442,0.33629748
0.032521628,0.017307803,0.19673131,-0.17432688,-0.08293079,0.08757215
-0.1457843,-0.39705902,-0.06977484,-0.37540287,-0.12597449,0.282674
0.1550088,0.17192952,0.3934884,-0.29508877,-0.14360918,0.24140972
0.1828375,0.31321576,0.40864736,-0.29938325,0.06251997,-0.11049595
0.4411812,0.27459663,0.3855732,-0.657935,-0.41588622,0.20734562
0.07677998,0.114863575,0.43643752,-0.23998806,0.06351752,-0.019672351
-0.043356977,0.2668111,0.024833567,-0.57609695,-0.13375229,0.16743843
-0.12392082,-0.16487531,0.47270712,-0.13300815,0.06072296,0.24732322
0.2519782,-0.20875637,0.41661406,-0.3434821,-0.0059758457,0.42568454
0.32586476,0.14316855,0.18544786,-0.2821788,-0.1047122,0.26672143
0.038065687,-0.12102909,0.36372784,-0.3255561,-0.22216904,0.28858972
-0.09057339,-0.08394756,0.20361823,-0.25143299,0.078704275,0.36087972
-0.18844257,-0.5154588,-0.02637868,-0.42711294,-0.2891044,0.044294726
-0.10437003,-0.054561134,0.021064838,-0.4550692,-0.41163048,0.43232983
0.397285,-0.19081429,0.36505252,-0.2449246,-0.15575773,-0.35771456
0.13213089,-0.06020079,0.26814944,-0.4098876,-0.24032186,-0.06817578
-0.2969022,0.24290891,0.49082237,-0.5309009,-0.3879332,0.31799126
0.2583038,-0.41946518,0.1912653,-0.1986528,0.25173205,0.29744557
0.36343753,0.07742839,0.18083946,-0.4753798,-0.06925011,0.30331102
0.309365,-0.00089051924,-0.10153965,-0.23822062,0.088301264,0.30821514
-0.0032640505,-0.14297426,0.22730733,-0.26932326,-0.048501782,0.43458742
0.24527349,0.20789109,-0.18668061,-0.22348191,-0.13892336,0.32021934
0.09067485,0.049783383,0.21394382,-0.374319,0.04218529,0.15753411
0.24551682,0.034495678,0.29410905,-0.5030129,-0.07554897,0.19307943
0.15821466,-0.004724289,0.3718313,-0.47669113,-0.31586266,0.03164887
0.28513062,-0.18910517,-0.12657529,-0.064393155,0.19131052,0.3335907
-0.27642006,-0.32018945,0.10033104,-0.038503256,0.14077088,0.34886536
0.30791315,0.12670505,0.18130098,-0.64620364,0.030139059,0.38977027
0.01639048,0.22641039,0.18736097,-0.47038478,-0.17293124,0.3673963
-0.13354957,0.47926456,0.17437537,-0.63082564,-0.22152786,0.3215815
0.31238338,0.021281792,-0.2652045,-0.05756155,0.22731468,0.35095474
0.12054983,-0.25493896,0.2446462,-0.1250479,0.06183736,0.14038332
0.2880742,-0.19706714,0.48396277,-0.44584715,-0.115283154,0.30898598
0.12546456,-0.00091327704,0.23983955,-0.23210244,-0.044840638,0.26950088
0.02561584,-0.090018496,0.2362162,-0.26387405,-0.1678853,0.06415812
0.052100096,0.18517235,-0.25763646,-0.0003803372,0.14284575,0.21099342
0.09259219,-0.2121752,0.48069724,0.03231571,0.21837078,0.19771451
0.2660285,-0.10892168,0.039378446,-0.27634993,-0.15480088,0.21472476
0.23989274,0.30853555,0.23345344,-0.33528802,-0.08179898,-0.03226996
0.38758928,-0.31347346,0.15685315,-0.1481928,0.24010266,0.24365653
0.25883806,0.21262492,0.39100286,-0.22583629,-0.0153348865,0.0927654
-0.23931916,0.1515209,0.30850708,-0.37231314,0.18832594,0.16196398
0.30099759,-0.14987032,0.058806278,-0.4613085,-0.15041013,0.23487386
0.16473189,0.054892078,-0.07808529,0.042823114,0.040526263,0.15052983
-0.07077893,0.026138363,0.15779337,-0.07764018,0.09382798,0.13569452
0.07564506,0.20096901,0.41226405,-0.38323718,-0.32431838,0.08498344
0.1466674,-0.33073407,0.042181354,-0.27237618,0.33258885,0.376746
-0.107228704,0.24856468,-0.16202348,-0.10407256,0.053933937,0.45682967
0.11582047,0.2618722,0.37975764,-0.6141526,-0.33298105,0.21765687
0.21215767,0.07084289,0.35854933,-0.3408671,-0.34960952,0.24729255
0.14895038,0.07952789,0.33892253,-0.21350363,-0.08273049,0.22582598
0.03388509,-0.055219926,0.09923155,0.059070107,0.13918377,0.40085524
0.118820004,0.47085512,0.2302526,-0.4873411,-0.17069224,0.18766811
0.15570158,0.18716532,0.5622093,-0.48448873,-0.23432578,0.029944874
0.25996026,0.12278862,0.2723445,0.09684456,-0.016012589,0.08617512
0.024700623,0.28690347,0.52417845,-0.53720987,-0.34383854,0.34131205
0.10800292,-0.16705437,0.3118699,-0.23891494,0.10154074,0.18321115
0.056036055,-0.10406477,0.36572337,-0.027439604,-0.30142924,0.26701096
0.1375395,-0.32007673,0.1460423,0.019376416,0.11110637,0.20848118
0.11493812,0.07062745,0.051359776,-0.38197646,-0.3689618,0.40253085
0.13701503,0.37266272,0.34142706,-0.3189466,-0.0063881376,0.18760052
0.43446013,-0.24491252,-0.23703644,-0.24219057,-0.34137473,0.5859176
0.09961007,0.1631104,-0.21458356,-0.17076449,0.08008817,0.03925556
0.08241481,0.27064112,0.4243979,-0.30914524,-0.37630904,0.05232304
-0.0150950635,0.11731501,0.18363638,-0.34539354,-0.056744475,0.23796402
0.075412266,0.4998803,0.42577058,-0.5112766,-0.32191348,0.43500447
0.25878382,0.16046335,0.31265673,0.05323035,-0.17448369,-0.21769065
0.14360379,-0.03981793,0.22441785,-0.26178807,-0.12661792,-0.071315736
0.3700925,-0.027233288,0.35431173,-0.61995316,-0.14090382,0.089230046
0.02029498,-0.14796908,-0.012996351,-0.32647973,-0.061795764,0.41842133
0.3217755,-0.18927103,0.26032823,-0.1972614,0.26161933,0.36485407
0.13130248,-0.100355595,0.25858593,-0.19276468,0.024935797,0.08672242
-0.058746077,0.15009029,0.120228745,-0.17405902,0.09242878,0.19261552
-0.046553005,0.21295124,0.4158282,-0.20606834,-0.050212834,0.21195461
-0.051116593,0.057289217,0.21520007,-0.42705032,-0.19024347,0.35088664
0.22800441,0.11618633,-0.096737444,-0.2671535,-0.037651002,0.36842173
0.021612966,-0.042612914,0.17236552,-0.35315144,-0.31383365,0.30042377
-0.03983634,-0.24185476,-0.37108034,-0.2103828,0.15688816,0.46523649
0.14086719,-0.08323441,0.16999525,-0.15608567,-0.034790885,0.22646876
0.019306324,0.024866616,0.2710062,-0.49964583,-0.094093524,0.6583032
0.30247068,0.13971959,0.47137496,-0.41460815,-0.28266594,0.4728676
0.041097384,-0.15746275,-0.13309807,-0.27764013,0.09828876,0.24685606
0.3217442,0.150511,0.5284803,0.06321513,0.16326557,-0.079401344
0.27442303,0.008045353,0.029495636,0.15708241,0.1246829,0.059546728
-0.05491486,-0.19983037,0.373119,-0.35845593,-0.019183144,0.29793528
0.18615998,-0.08371434,0.40206861,-0.37389913,-0.05896538,0.14902279
-0.06864104,0.0059222295,-0.032357004,-0.5561486,-0.033612795,0.04917621
0.047206648,-0.09939253,0.20034297,-0.51618207,-0.44149405,0.25985909
0.23530583,0.030761756,0.29481223,-0.20216289,0.016730305,0.23724589
0.19735649,-0.010181224,0.14284654,-0.08983777,-0.27054462,0.015772076
0.10685591,0.0002672039,0.101201385,-0.122011036,0.024954077,0.24957997
0.13854429,0.0388625,0.10925368,-0.16827312,0.03855371,0.23303206
0.13749437,-0.22579867,0.6052923,-0.45976683,-0.26049265,0.33865014
-0.076967664,0.07665359,0.412069,-0.16134329,0.07891044,0.028723406
-0.16944002,0.23300041,-0.068609424,-0.4725684,-0.2102898,0.6340888
-0.13759555,-0.08315582,0.09422129,-0.17124216,-0.06891406,0.46117467
-0.06587018,0.078137316,0.35324737,-0.14811082,-0.008276601,0.028189892
-0.07206492,0.1775902,0.21947101,0.036297914,-0.08462278,0.10017732
0.020507544,-0.08872339,0.38619006,-0.57789826,-0.24939907,0.38224974
0.043470234,-0.16248763,0.19769402,-0.027115589,-0.004213174,0.195697
0.21507676,0.32581794,0.22276245,-0.44620705,-0.18404867,0.38952547
0.06999458,0.024914468,0.22738338,-0.5474866,-0.3796081,0.29004163
0.1823611,-0.0909328,-0.11528103,-0.4545396,-0.28032863,0.32869753
-0.028558075,0.29274726,0.22976369,-0.4828121,-0.126502,0.41247505
-0.19789793,0.089476384,-0.1687005,-0.10426558,0.26781538,0.53034097
-0.029722307,0.009033434,-0.03609967,-0.24528517,-0.18443254,-0.056447785
0.12238076,0.09575132,0.15209182,-0.45752215,-0.061130136,0.16071558
0.10978894,0.11007763,-0.2345997,-0.41256785,-0.08544761,0.24585731
-0.049522847,0.0022752767,0.31102064,-0.3962237,-0.27376342,0.00020648725
-0.07251915,0.19489019,0.053261146,-0.38298127,-0.015552436,0.42413393
0.17625326,-0.04128534,0.29249927,-0.30010125,0.010212916,0.15606071
-0.24279945,0.047238577,0.119011916,-0.11615241,-0.4046274,-0.025216002
0.08761411,0.2503073,0.1688098,-0.41178498,-0.2126145,0.023162639
0.12679933,-0.17031771,0.15262835,-0.05110799,0.095291354,0.1545844
0.11710494,0.16097628,0.26219913,-0.5901307,-0.53238267,0.04552185
-0.15838982,0.0589448,-0.04460587,-0.4872057,-0.1869884,0.46857056
-0.055420134,-0.0719201,0.34741616,-0.24317095,0.12964678,0.23815654
0.09530657,-0.071374774,0.3023555,-0.5067128,-0.13823122,0.22873333
0.3355917,-0.015916947,0.45409828,-0.44423208,-0.27770075,0.31378767
-0.12875128,-0.28129962,0.05870964,-0.28975078,-0.39236796,0.32417965
-0.06611338,0.46921608,0.27133635,-0.52894765,-0.17206514,0.17915617
0.39777642,-0.39482474,-0.019619904,-0.0730423,0.1412396,0.26950473
0.07191717,-0.06168444,0.56366193,-0.36028203,-0.17022042,0.098092064
0.09569256,-0.31581414,0.24855097,-0.4998642,-0.4042913,0.3042604
0.45987728,-0.03843541,0.13362709,-0.30780575,-0.3592165,0.053241983
0.03142322,-0.035811234,0.35404983,-0.15259863,-0.047702864,0.18663532
-0.043486763,-0.046797305,0.25504264,-0.22726782,-0.34696752,-0.0020332728
0.22270563,-0.0289144,0.19441815,-0.22640914,-0.29618803,0.011369907
0.25381276,-0.20693293,0.103148006,0.26250795,0.035242766,0.42918122
0.0040361066,-0.1523689,0.07991285,-0.015943429,-0.1889122,0.10561772
0.17971364,0.15106986,0.094491184,-0.012438058,0.013087383,0.1376316
0.054150697,0.034618456,0.11990136,-0.26431423,0.1075294,0.2695516
-0.121306956,0.22752531,0.33702597,-0.20845647,-0.01649879,0.24642162
0.27574626,-0.19644584,-0.16442034,-0.12717201,0.16960214,0.06296007
-0.051342897,0.17004837,0.195265,-0.26047736,-0.34689143,0.19201173
0.013567733,-0.022712957,0.44946018,-0.32483494,-0.344865,-0.07235556
0.09069907,0.19271548,0.0826473,-0.41885248,-0.22613394,0.34732625
-0.11800636,-0.26659727,0.2489279,-0.3401212,0.18050002,0.10849844
0.30434495,-0.24373995,0.035453215,-0.60999864,-0.5951367,0.4886767
0.09596589,0.25923124,0.115632795,-0.24869658,-0.34455675,-0.1338873
-0.2489206,0.079192445,0.45173794,-0.25547364,-0.33259612,0.17820865
-0.11231733,0.08086017,0.012849742,-0.10829923,0.25122717,0.097945064
0.19891858,0.08030296,0.4944174,-0.19620259,-0.015002585,0.25315174
-0.05985685,-0.026029108,0.10709637,-0.12138414,-0.17385983,0.043676488
-0.019581527,0.13316238,-0.27055413,-0.21400076,0.06424722,0.5783699
-0.11575915,0.10739027,0.13178878,-0.15084584,0.17985259,0.14810878
0.07056576,0.16523862,0.2850119,-0.35566127,-0.12354977,0.16950823
0.22588363,0.15224442,0.32324308,-0.3446318,-0.12655848,0.04491169
0.24798568,0.41161895,0.27092466,-0.53527635,-0.0501091,0.16359617
-0.04152449,-0.12883846,0.28829518,-0.2937792,0.11788111,0.18030801
0.093132704,0.27153045,0.1000118,-0.07296904,-0.13455151,0.014565
0.0039702817,-0.11021075,0.296153,-0.16699544,-0.15628685,0.2780096
0.08173697,-0.16667338,0.19785452,-0.3588189,-0.09501745,0.0012016365
-0.064102724,0.33491027,0.15551451,-0.34964174,-0.08634899,0.0025301373
-0.0029958398,0.14929396,0.22887027,-0.18483639,-0.48117575,-0.09618559
0.011374534,-0.054572735,0.31325448,-0.15373819,-0.43609634,0.07989821
0.26487514,0.07066606,0.20325057,-0.23364192,-0.3079594,0.30308142
0.25536606,-0.09258062,0.11141486,-0.4587967,-0.20357366,0.34632528
-0.08852588,0.12832558,0.22512886,0.08141753,0.03121914,-0.20941085
0.09495178,-0.13944818,0.27152538,-0.3579341,-0.25349444,0.034858186
0.059255287,0.28823856,0.16262875,-0.3719063,-0.4041814,0.48403868
0.22674909,0.22023006,0.352437,-0.4953486,-0.31764504,0.21357968
0.12896821,-0.45333278,-0.13221414,-0.2508147,0.24995661,0.11993463
0.14881039,-0.089025654,0.1908821,0.021339329,0.025119027,0.1107436
0.23144124,0.26608884,0.4065457,-0.14134648,0.11465173,0.06969799
0.09490895,-0.05834005,0.3067693,0.056816716,-0.057271764,-0.042166915
-0.057798125,0.033810493,0.12782738,-0.26837054,-0.26174816,0.11085283
-0.0066161384,0.16284496,0.23879264,-0.39893398,-0.19911882,-0.015555724
0.25300092,-0.122893356,-0.063117996,0.115949154,0.14657429,0.19990775
0.21802944,-0.12932275,0.17694764,-0.289476,0.029031789,0.22341293
0.11011838,-0.31039602,-0.059315953,0.1274565,0.27970397,0.086240895
0.18179855,0.23932621,0.065679096,-0.1290104,-0.2053303,0.17562155
0.31453133,0.14416236,0.3221833,-0.2663804,0.03829298,-0.048068147
0.03552101,0.08567554,0.341325,-0.48641184,-0.17000346,0.14823179
0.084476344,-0.017998014,0.31970453,-0.4259725,-0.418099,0.08837242
-0.009492328,-0.106937505,0.17933172,-0.4942537,-0.35516715,0.39978695
-0.042208605,0.19139172,0.35934374,-0.055840135,-0.2532762,-0.01574538
0.11723534,0.14796062,0.07463094,-0.50609493,-0.1985742,0.09606028
-0.06563526,-0.20711398,0.35455212,-0.29515368,-0.011897367,0.15279782
0.21172747,0.14293317,0.3727283,-0.55287564,-0.29126263,0.4313421
0.09446731,0.2588391,0.102983505,-0.40226728,-0.1288264,0.20196618
0.27378005,-0.39509803,0.5930042,-0.27853134,-0.2823447,0.4771021
-0.07434373,-0.11141104,-0.047115494,-0.22842333,-0.3674141,0.3788818
0.24582571,0.2607076,0.33123377,-0.30564836,-0.27371198,0.3015605
0.03529749,-0.010543767,0.49273455,-0.22578098,-0.23485477,0.36198825
0.041492112,0.005034412,-0.16009337,-0.16463192,-0.32215756,0.45031333
0.46362513,-0.030317044,0.0040402194,-0.07924504,-0.0653284,0.22416666
0.16500255,0.031404752,0.11976306,-0.5698327,-0.48741964,0.15912472
0.35106948,0.23887023,0.04669896,-0.3191152,-0.13813671,0.2299368
-0.036062554,-0.20023035,-0.0066617783,-0.1471129,-0.20797043,0.16855514
-0.15874319,-0.057037003,0.29787573,-0.23706058,-0.21483336,0.050380003
0.10559941,0.10079564,0.13001548,-0.1996847,0.16279957,0.2270594
-0.0003789812,0.18383637,-0.0054382742,-0.16324535,-0.30836985,0.3347046
0.13912144,0.15722017,0.10917102,-0.3741696,-0.41238263,0.33488876
0.13161348,0.057571907,0.16808745,-0.3795901,-0.3858498,0.07126806
0.21256877,0.1258425,0.04458363,-0.39479503,-0.22954737,0.34296343
-0.013156042,0.32094088,-0.13871348,-0.34524527,-0.26411894,0.2915177
0.051896278,0.14651051,0.37241578,-0.45804498,-0.22560227,0.18007404
-0.047826514,-0.25707492,-0.33587754,-0.5207865,-0.10930201,0.5446387
0.14934641,-0.2302305,0.139897,-0.11600327,0.112781666,0.29568678
-0.056541257,0.2606812,-0.023695406,-0.09885943,-0.16520719,0.2833922
-0.07069605,0.22093154,0.4950683,-0.42741907,0.027862752,0.17198724
-0.011957321,0.18680869,0.30838877,-0.32953867,-0.2575951,0.45565122
0.13062651,-0.26684734,0.115944326,-0.21108541,0.012799502,0.04330823
-0.13787653,0.19642997,-0.17923763,-0.29108232,-0.10171118,0.47528964
-0.1564914,0.23328021,0.15208186,-0.022039205,0.1720609,0.092137374
0.12532268,-0.015883876,0.023518799,-0.26863194,0.0007844938,0.12563564
-0.16142118,-0.1732128,0.13445936,0.02623893,0.15586245,0.05109224
0.040778384,0.24643965,0.047623374,-0.022437077,0.019770281,0.083802104
-0.39148653,-0.19162966,0.15452723,-0.3450431,0.15608262,0.11823088
0.3534834,-0.1575921,0.22446528,-0.301455,-0.002664582,0.074701905
0.20026615,0.10177115,0.17583737,-0.39006174,0.085907556,0.20755014
0.40352333,-0.116665795,0.309396,-0.3121244,0.08757169,0.34279948
0.18719083,-0.2737513,0.09509883,-0.19235921,0.16421755,0.31373
-0.14321761,0.0088039115,0.087529466,-0.3932053,-0.3729868,0.29720062
0.033790413,0.26526412,0.33370557,-0.22813083,-0.1111724,0.07063236
-0.026408175,0.25846756,0.35646823,-0.54770803,-0.20254554,0.13146065
-0.22232835,0.074857585,0.15263323,-0.37361598,-0.40773037,0.33227906
0.34836465,0.0020405138,0.14732687,-0.52353305,-0.13073786,0.3371262
0.37049466,-0.1526811,-0.043636214,-0.044840936,0.030372394,0.020740464
0.40801996,-0.007836949,-0.037031233,-0.3960414,-0.23942676,0.2741279
-0.055301886,0.1902156,0.048847698,-0.21820036,0.0097037265,0.31921062
0.45622456,-0.12365487,0.3843885,-0.114203915,-0.028497964,0.2997876
-0.055861834,-0.23603044,0.0067030676,-0.05802604,-0.27526107,0.2665282
-0.16526218,0.06293278,0.13536564,-0.30152303,-0.06680855,0.20098378
-0.009329286,0.029048858,-0.26250312,-0.30825832,-0.34155807,0.18038787
0.08411027,-0.063911624,-0.05490252,0.12587982,0.011401837,0.29797873
0.1779738,0.05382484,0.39188096,-0.34685823,-0.40914628,0.30778155
-0.05344521,0.030989828,0.014004876,-0.5132916,-0.20496263,0.5545205
0.30917728,-0.20087866,-0.07733623,-0.06370237,0.45609912,0.23016876
0.22164802,0.25273943,-0.13916892,-0.049420625,-0.17404719,0.29176223
-0.2632442,-0.06469695,0.2581883,-0.069910966,-0.41189054,0.17431276
0.11842461,0.26520932,0.3400118,-0.309113,-0.0952125,0.17151275
0.04429639,0.13252035,0.39561906,-0.39627773,-0.18656069,0.26108593
-0.078747384,0.38089535,0.1395561,-0.33105555,0.004553763,0.35207838
0.07130881,0.32634932,-0.06868876,-0.22203082,0.07400277,-0.0820783
0.11452501,0.32614642,0.22896536,-0.39029288,0.07282476,0.069960006
0.020707516,-0.123202644,-0.26425573,-0.5983186,0.5160946,0.37751883
-0.20126665,0.0031420263,0.29663596,-0.46456242,-0.16579318,0.30807146
-0.04570095,-0.008595404,0.054620374,-0.23788708,-0.21502893,0.1710379
0.32876173,0.047718056,0.13005562,-0.24673055,0.14270107,0.16619015
-0.025284406,0.24438477,-0.0777419,-0.3148948,-0.14364572,0.27077737
0.63420826,-0.038535822,-0.036661755,-0.23511352,-0.17153062,0.29574162
0.34488106,0.11103809,0.2044628,-0.31400374,0.17182545,0.19267596
0.12256709,0.28093266,0.08756709,-0.18754958,-0.071556225,0.0076684873
0.15589185,0.04664371,0.41177225,-0.19135404,0.09696899,0.017127056
0.15127487,-0.25706303,0.23627228,-0.2941378,-0.16312213,0.27375016
0.26317322,0.15752654,0.21171887,-0.057705306,-0.24198608,0.09529152
-0.0056772516,-0.10377442,-0.033737727,-0.32934052,-0.1321306,0.54000145
-0.0076233908,0.14945444,0.23730895,-0.45740423,-0.14592336,0.50409275
0.18315122,-0.11870866,0.24922329,-0.24248171,-0.13859402,0.40137014
-0.14859004,-0.3295793,0.04295174,-0.48732662,-0.32487732,0.3002684
-0.11875604,-0.4388801,0.33745983,-0.29976973,-0.32437733,0.22561787
0.14325294,0.08592846,0.503848,-0.35760847,-0.25324774,0.3184936
0.13240682,0.1368664,0.3162594,-0.36597443,-0.47223333,0.19842559
0.019746926,-0.18392284,0.28376946,-0.23240231,-0.15239623,0.5384198
0.19055113,0.16753507,0.12163171,-0.39962262,-0.24761619,0.11198456
0.15207624,-0.23312025,0.18938574,-0.011921764,-0.21500945,0.004466813
-0.047735415,0.18142581,-0.0729177,-0.18492226,0.08006503,0.58838564
0.15843908,0.10897579,0.18060929,-0.09517226,-0.29581824,0.017192513
-0.0895421,0.1610174,0.24989128,-0.13438825,-0.143102,0.21082975
-0.064692326,-0.24718532,0.07892502,-0.03030587,-0.006349866,0.17987046
0.10049165,-0.13028736,0.36568812,-0.34672427,-0.23818086,0.05379608
0.08022859,0.050699998,-0.004317182,-0.10169161,-0.35649428,0.24466121
0.17996868,-0.080004364,0.21809497,-0.32705575,-0.31305036,0.21609493
0.19124073,-0.098520085,0.19434275,-0.28840902,0.094773404,-0.014942141
-0.069518246,0.34342924,0.20297477,-0.20646548,-0.2919721,0.11793447
0.03487202,-0.020376015,0.09764247,0.0056420635,0.15200555,0.3265239
0.021665951,0.050076786,-0.07246867,-0.26011223,-0.102313824,0.39178002
-0.15857378,-0.056836788,0.341362,-0.52439195,-0.06826111,0.1316225
-0.08229763,-0.15621729,0.18982334,-0.1943523,-0.16597497,0.2871498
0.01891952,0.057695728,0.3135476,-0.4304352,-0.22005934,0.28822485
-0.05456091,0.116441466,0.08395984,-0.61240566,-0.20666271,0.5913345
-0.11533508,-0.10027713,-0.12894917,-0.18892096,-0.10962292,0.43691045
0.05427948,-0.27039224,0.33822626,-0.3923227,-0.064847484,0.5138108
0.2009314,0.19026491,0.3823249,-0.32229933,-0.10585563,0.24647771
0.24915808,-0.09224118,-0.08686932,-0.2635779,-0.0008020697,0.39391825
-0.097261675,0.14913274,0.45178515,-0.42329097,-0.32841533,0.18078884
-0.07773363,0.13680692,0.03527255,-0.3094108,-0.20189135,0.17468274
0.16001773,0.028413208,0.31804052,-0.28815347,-0.10396937,0.22458869
-0.029765483,0.15270732,0.3454959,-0.0741708,0.1656369,0.14595732
-0.099172816,0.26096165,-0.06798897,-0.5050322,-0.107897215,0.524848
0.26754984,-0.2045311,0.17138052,-0.31571,-0.16903658,0.44418234
0.023748238,-0.2918519,0.33564305,-0.4053992,0.0059537855,0.3928836
0.27664888,0.08585448,-0.38375112,-0.07431804,0.13434757,0.51984406
0.23135361,0.08541857,0.1402018,-0.25650382,-0.28224307,0.2899193
0.23343301,-0.09039416,0.2368241,-0.3396795,-0.11127502,0.22534189
-0.07200658,0.16952445,-0.041592736,-0.41136327,0.13159674,0.35850993
-0.044647355,0.03634926,0.48851213,-0.36000094,-0.24653795,0.22516948
-0.056737296,-0.060663093,0.37262845,-0.16583364,-0.3538736,0.20779638
-0.17762238,-0.055176955,0.080931805,-0.50632817,-0.05827049,0.46908364
0.113002054,-0.015714156,0.5387857,-0.62525225,-0.31884235,0.3441289
0.16259798,0.26192507,-0.054642074,-0.17391124,0.18920262,0.23319572
0.12970737,0.38196367,-0.2430886,-0.54215056,-0.07444632,0.24639553
-0.18283637,-0.13644412,0.23769917,-0.039464634,-0.06614681,0.12935159
0.23989068,0.01006564,0.4827287,-0.16307394,-0.20625214,0.02582937
0.051964223,-0.1068785,0.08662527,-0.09899415,-0.1946828,0.11126198
0.03274249,0.10071707,0.1315234,-0.42536348,-0.08873396,-0.0039284234
0.11114303,0.020627435,0.37278908,-0.20002091,0.11335132,-0.03609583
0.1531352,0.1257084,0.12415228,-0.2457224,-0.20483954,0.09890506
0.25193027,0.19888364,-0.29459503,-0.21202916,-0.23256734,0.3640223
0.10980995,0.111305416,0.33413357,-0.10512465,-0.17261346,0.18367688
-0.06082384,0.36678618,-0.27778044,-0.36805,-0.24451588,0.35036534
0.029651605,-0.13033386,0.13682348,-0.06986341,0.19776793,0.0737352
-0.062949575,0.021506445,0.10848788,-0.65572506,-0.24633117,0.57886624
-0.110603474,0.010699363,0.13989885,-0.3242232,-0.22670019,0.12494917
0.2778027,0.3548336,0.06469962,-0.4136282,-0.36500198,0.32460648
0.13662419,0.30764666,0.12727131,-0.41660705,-0.4199667,0.32957876
0.050920144,0.07689289,0.2178935,-0.18997072,-0.10770213,0.493559
0.10811903,-0.15952891,0.29253432,-0.34281516,-0.2662671,0.48580655
0.20093693,0.23588726,0.20444192,-0.505682,-0.30955836,-0.0020720463
0.20467447,0.0048539927,0.015330223,-0.08869774,-0.077661596,0.11795451
-0.05390542,0.1471575,-0.099426396,-0.019729549,-0.16626324,0.21167052
0.25252804,0.17317925,0.35022286,-0.3710528,-0.24110813,0.14940259
0.1486236,-0.091813155,0.10268153,-0.2184451,0.121649094,0.05046979
0.114820555,0.10521898,0.031842474,-0.26376662,0.11450256,0.33491296
-0.26368937,-0.30719125,0.17143539,-0.27856568,-0.007835444,0.4909753
0.137968,-0.15210155,0.21979882,-0.08935798,0.16050066,0.13432002
0.067612424,0.03595873,0.22204915,-0.06532022,-0.033478595,0.5307271
-0.07709182,-0.39720017,0.39068612,-0.5238701,-0.2494098,0.48684922
0.14773585,0.20747723,0.17929317,-0.13301904,-0.17672402,-0.051213667
0.03251016,-0.0012888454,0.29952663,-0.14522797,0.18031347,-0.11132623
-0.13408984,0.03117232,0.23861319,-0.18816061,-0.22733448,0.0892697
0.12719846,-0.21417847,0.3470401,0.15393914,0.19390441,0.015464678
0.016088499,-0.04513749,0.12941453,-0.19326693,-0.4154978,0.4746398
0.09575584,-0.0467154,0.084320776,0.04283544,0.0067662084,0.13352731
0.09713373,-0.2158468,0.29997537,-0.2072074,-0.30169168,0.300317
0.26997238,0.21205066,0.38313964,-0.06552445,-0.009238793,-0.08316458
0.028580047,0.03565349,0.19853352,-0.6371579,-0.2538106,0.3304283
-0.24287969,0.11638087,0.4222054,-0.28387064,-0.4303113,0.33794665
0.06722877,-0.0226102,-0.18079509,0.11054604,0.15423015,-0.12488434
0.22035119,0.3328393,0.28360337,-0.21313012,-0.048906907,0.21319704
-0.11079337,0.09967026,0.21512483,-0.11286074,-0.1007112,0.21994378
0.055722557,0.056141593,0.2779109,-0.25205493,-0.25532106,0.11501753
0.16238075,0.20147416,0.17584574,-0.15656812,-0.030598763,-0.0011512185
0.14798176,0.3719768,0.23811707,-0.36631718,-0.1022366,0.3493619
0.21600859,-0.14636868,0.1028422,0.025672277,-0.40687084,0.10581897
-0.40162566,-0.38758928,0.33090454,-0.3522403,-0.08572329,0.3517277
0.20766331,0.3507267,0.15777324,-0.37486356,-0.28653133,0.24870363
-0.04581053,0.14007469,0.12721129,-0.26676434,-0.19635633,0.43695623
-0.1049737,-0.17805542,-0.07837582,-0.29973933,0.083976746,0.589508
-0.16219021,0.16065073,0.48054683,-0.25149727,0.02542193,0.09687711
-0.07678963,0.060219456,0.20627494,-0.56763655,0.21379423,0.45074636
-0.03562434,-0.024168504,-0.10735239,-0.27253416,0.07377764,0.2814102
0.3099997,0.59087086,0.15618846,-0.58393,-0.39158785,0.4546518
0.19194272,0.15997197,0.00067136425,-0.34445626,-0.012602191,0.28147587
0.27481252,0.10949068,0.15036298,-0.54852426,-0.2311452,0.22765838
0.06280023,-0.045697927,0.013296104,-0.08267534,-0.045171663,0.21678117
0.22044887,0.14465213,0.6839074,-0.4029888,-0.13966346,0.17878433
-0.32188585,0.10543463,0.380729,-0.3558929,-0.16959296,0.5071614
0.24231,-0.026634598,0.39654663,0.029582197,-0.14742865,-0.2238783
-0.13914679,0.03899747,0.07478301,-0.29108793,-0.0010543537,0.10945781
0.27387318,0.17357638,0.13244598,-0.084272705,-0.09250596,0.32069388
-0.105410226,-0.12324545,0.19641922,-0.11552556,-0.15821917,0.35777983
-0.048723582,-0.20684944,0.2899888,-0.2810027,-0.1573557,0.310013
0.009445118,0.04957444,0.305412,-0.0846813,0.1277491,0.081933945
0.25512758,-0.19623984,0.110186286,-0.09109905,0.21388535,0.33092812
-0.113920495,-0.07033631,0.38588127,-0.5217635,-0.55038863,0.26062405
0.3048816,0.14975445,-0.018637205,0.10542151,-0.19104214,-0.0076920474
-0.12189178,0.39841366,0.45156845,-0.27392906,-0.17210256,0.31511056
-0.005237498,0.06294727,-0.06286862,-0.29152417,-0.18423451,0.24992959
0.16484587,0.0033696464,0.4509508,-0.21421681,-0.4032407,0.23734881
0.117660925,0.30747223,-0.07923365,0.026074369,-0.14366609,0.185815
-0.06699358,0.13655649,0.21238531,-0.5314061,-0.22113697,0.6360827
-0.04593215,0.19123642,0.06661821,-0.075860985,-0.04753819,0.21099806
0.1011573,0.14698075,-0.023765357,-0.37239814,-0.13293472,0.3011928
0.17790331,0.08975783,0.34235832,-0.40293172,-0.1091255,0.24398398
0.05272236,0.13508546,0.16896439,-0.09253411,-0.024875134,0.10168978
-0.023729086,-0.24172148,0.34662637,-0.21716775,-0.009497349,0.10237696
-0.18244801,0.04943319,0.15019926,-0.1948684,-0.20512581,0.27480856
0.005566018,0.08257667,0.13255607,-0.24029253,0.18000756,0.09890732
0.28284246,0.04836946,0.2909694,-0.47422957,-0.2355149,0.4150422
0.009475291,-0.07125052,0.34052688,-0.23542519,-0.5834279,0.017210612
-0.1709752,0.059475165,0.39179578,-0.56884223,-0.27017376,0.2122176
0.17547525,-0.048362523,0.24595532,-0.31056103,-0.28164315,0.3431227
0.023791606,0.06723921,0.37840766,-0.28708214,-0.34705096,0.024568534
-0.19666474,-0.16040763,-0.095807254,-0.110415526,0.02155788,0.32296827
0.19725622,0.0014452402,0.0071200198,-0.107072674,-0.07294152,0.32358584
0.14770794,0.12566575,0.16931182,-0.23013274,-0.3801748,-0.057401028
0.05697261,0.027499454,-0.12047954,-0.0031173353,0.12524919,0.48458302
0.09664767,0.1131081,-0.2037395,-0.22333711,0.34306988,0.2656534
0.07488611,0.033154298,-0.14576007,0.1288473,-0.067387335,-0.0019028685
-0.016140467,0.2549807,0.4624338,-0.62192404,-0.25445554,0.2459328
0.06731369,0.049928915,0.37602177,-0.37175348,0.008708429,0.23745115
0.24600132,0.25009224,-0.097008124,-0.37188557,-0.10126152,0.32133564
0.35256428,0.28734004,-0.05239367,0.1888374,-0.07900391,0.13766812
0.2524503,0.39507565,0.5380146,-0.6172097,-0.087129496,0.34311265
0.055009745,0.1372896,0.1701723,-0.46356785,-0.3288838,0.5306015
-0.04308262,-0.0028226487,0.31851488,-0.4357034,-0.3866806,0.17774805
-0.21138576,-0.11315816,0.5754444,-0.37621567,-0.07948302,0.27239895
0.042868804,0.058455102,0.077430636,-0.19121423,-0.17845565,0.23155388
0.06496403,0.0981689,-0.056453556,-0.58608586,-0.3501779,0.360608
0.40884745,0.26347885,0.50694203,-0.44466084,0.061909106,0.38977134
0.3207677,0.137447,0.37536895,-0.54098797,-0.22632481,0.29479808
-0.028933464,-0.29997063,-0.4082824,-0.14154153,-0.25134546,0.3983049
0.10337582,-0.035629347,0.2874542,-0.3974679,-0.05909203,0.17942658
0.034597583,0.065551095,0.14958839,-0.3569178,-0.20693411,0.23200713
0.07209767,-0.38711438,-0.061246596,0.04972545,0.21087056,0.25718194
0.12691186,-0.20570168,0.18806435,-0.00043804196,0.14147554,0.10200237
0.16385084,0.10481395,-0.020502435,-0.21917613,0.10268336,0.18681116
0.2099297,0.2377773,0.5885644,0.027272455,-0.3562138,-0.04081943
0.3485658,0.4648795,0.3798754,-0.37689993,-0.10778397,0.2513988
0.30460203,0.16463101,-0.0969584,-0.25933346,-0.33570868,0.26508626
0.114810884,0.055100285,0.022004256,-0.08249613,-0.17083424,0.1039988
-0.010369849,-0.122115314,-0.052897763,-0.21558648,-0.1452257,0.24448535
-0.02465474,-0.052384354,0.3519301,-0.41339907,0.20392376,0.0871452
-0.0415916,0.25873876,0.39185047,-0.41441423,-0.33909786,0.2507706
-0.15087646,0.03291204,0.21650082,-0.23397818,-0.06959353,-0.013263206
0.21884166,0.2301922,0.51642156,-0.39630267,-0.25474295,-0.14797156
0.10481639,0.03160458,0.40473133,-0.06919682,-0.2651065,0.24816565
-0.29144248,0.02083449,0.06890445,0.06407236,0.16932453,0.024205597
-0.0055334675,0.26561177,0.51164526,-0.4437965,-0.21394606,0.16555357
0.21115665,-0.07109721,0.09697051,-0.19280888,-0.02193847,0.12272279
0.2147464,0.0012667917,0.38067815,-0.38699612,-0.36639866,0.11192574
-0.14248285,0.02281526,0.41999227,-0.25708786,-0.39424285,0.17565197
-0.19648598,-0.20254168,0.278967,-0.35402796,-0.030629432,-0.042809054
-0.08816109,-0.057332873,-0.2186682,-0.40349537,-0.07208482,0.35679877
-0.1319313,0.25479934,0.29566425,-0.71358025,-0.28337047,0.56170857
0.015084858,0.010032668,0.31534025,-0.17786238,0.07080743,0.26384687
0.173292,0.13830872,0.21945243,-0.22957046,-0.039892837,0.2551244
0.04842836,-0.039648555,0.09839729,-0.33318877,0.016210783,0.16956611
0.39619073,0.047877107,0.26153952,-0.072552845,0.021302436,0.25557822
0.087678365,-0.10876879,0.029055342,-0.33101916,0.10687715,0.30885756
0.15919702,-0.06641251,0.037880667,-0.0018379518,-0.16422892,0.0135647785
0.31725407,0.228579,0.5502739,-0.56454337,-0.0040541217,0.24711075
0.009391613,0.20230679,0.21145438,-0.5454061,-0.14272733,0.32540017
0.08456539,-0.011915261,0.08775746,-0.12864196,-0.03263959,0.40101355
-0.15201864,-0.45186004,0.3640633,-0.5758245,-0.15423387,0.29960284
0.064487934,-0.12431063,0.032544926,-0.32371518,0.09872158,0.5870644
-0.18504943,0.21012686,0.14622694,-0.4049781,-0.147565,0.115555465
0.20881258,0.11174412,0.43426868,-0.14317016,-0.36279526,0.12815104
0.50295335,0.22248134,0.25255066,-0.30118015,0.07792611,0.32470033
0.3058821,-0.2060795,0.47337016,0.16574876,-0.07362596,0.06524913
-0.046898432,0.15197656,0.13774928,-0.58200693,-0.28163064,0.5148909
-0.28476205,0.28729215,-0.026749426,0.030914905,0.045185525,0.18661734
0.31021878,0.34190488,0.10933248,-0.42418164,-0.33446723,0.23983337
-0.1110469,0.08674741,0.20765795,-0.12523273,-0.072759755,0.42054644
0.23465665,-0.12948406,0.146463,-0.18584149,-0.08548988,-0.084530436
0.17434402,0.10882687,0.34765306,-0.036904283,-0.28247404,0.09597115
0.012420865,-0.29577106,0.14202328,-0.14715867,-0.16459124,0.13550003
0.19400974,-0.11211442,0.27899754,-0.3070819,-0.016087493,0.18290962
0.044700317,-0.15345424,0.11171634,0.13846979,0.08581097,0.20677312
0.13976616,0.28315216,-0.17446871,-0.38104033,-0.15431874,0.41531184
0.0025138652,-0.13119629,0.1692238,-0.26504502,-0.23032638,0.053583097
-0.10578893,-0.2603617,0.21233332,-0.11834316,-0.3109394,0.24916527
-0.25531203,-0.19624022,0.064693876,-0.4978505,-0.3395263,0.63522387
0.31547803,0.0062744315,0.25800902,-0.5902292,-0.2890573,0.56532013
0.15423296,0.24303149,0.5260592,-0.54080254,-0.1168309,0.13399442
-0.049957808,-0.27432618,0.35095727,-0.4266364,-0.34516037,0.4661379
0.12086003,0.019628588,0.33162507,-0.31640458,-0.13827355,0.47298375
0.16778873,0.15476874,0.27682933,-0.26238447,-0.12047577,-0.2058597
0.08381745,-0.22803947,0.283098,-0.103336856,-0.06361039,0.34850147
0.21428363,0.28391886,0.2142242,-0.4257001,-0.18653236,0.14726777
0.1978571,0.07192481,0.029435009,-0.50301194,-0.23197548,0.16008937
0.0059113186,0.104300216,0.15996054,-0.3363688,-0.14459427,0.06633717
0.18182914,0.010774836,-0.064207904,-0.5269259,-0.16738224,0.49647805
-0.10893205,0.04444243,0.27516708,-0.12378736,0.0073753227,0.28533396
0.0013611756,0.33855745,0.46623442,-0.55574113,-0.39429888,0.06032261
-0.102390274,0.12363198,0.37599325,0.01219087,0.075575635,-0.046810783
0.19646229,0.34950006,0.11883546,-0.37335554,-0.33053994,0.1411854
0.18455124,-0.07878377,0.1128686,-0.32566366,0.038821228,0.4101316
-0.044210177,0.15262385,0.02656095,-0.6266689,-0.28232422,0.6325181
0.3326406,-0.14302468,0.13649781,-0.22757213,-0.08355146,0.1733328
0.3059931,0.34275857,0.15364468,-0.41154405,-0.14271277,0.106342785
-0.13768959,0.10048568,0.39659324,-0.24948965,0.064857766,0.16778031
-0.0060312576,0.19268942,0.051385455,-0.42882642,-0.23218837,0.43216935
0.214414,0.037121225,0.564537,-0.43042457,0.0009973865,0.32172397
0.27464983,0.31383964,0.54519206,-0.4141724,-0.20349045,0.09519641
-0.2742203,0.2003639,-0.25236744,-0.3740569,-0.19386102,0.56328607
0.26886588,-0.360124,-0.02766488,-0.022596342,-0.10855741,0.43530893
-0.15887348,0.045843963,0.35580158,-0.3166262,-0.30135307,0.3115191
0.051692206,0.026063245,-0.054645535,-0.33115572,-0.09427864,0.39727977
-0.02232862,0.17247245,0.25140557,-0.36188337,-0.40975818,0.40886328
0.25538388,-0.1745628,0.23115635,-0.40642586,-0.17113069,-0.04088881
0.00555596,-0.086235635,0.17860824,-0.35895005,-0.0058787535,0.1451013
-0.05053172,-0.16510457,-0.103052996,-0.39427617,-0.27031144,0.14083034
0.066862725,-0.10758494,0.20788687,-0.35313782,0.17646274,0.32164115
0.18724498,0.024080083,0.22554673,-0.21678512,-0.27564132,0.20484106
0.1835759,0.04689349,0.2687263,-0.5575005,-0.084045894,0.20451888
0.18160881,0.092740804,0.40411976,-0.24312681,-0.36382154,0.089901514
0.48374104,0.10175645,0.3660367,-0.29091868,-0.2021921,0.33017012
-0.079497434,-0.24335854,-0.0033808744,-0.27812043,0.18541302,0.38631827
0.31564698,0.061119743,0.4662934,-0.16104864,-0.08795817,0.12998174
0.09641474,0.11109157,0.495737,-0.62916774,-0.24700344,0.48884854
0.36694342,-0.10483578,0.053751424,0.20778216,0.016632937,-0.032888103
0.054325916,0.061744507,0.3350571,-0.32124335,-0.20124157,0.54615486
0.13829492,-0.039597336,0.1651571,-0.1975781,-0.009036794,0.18771043
0.039496146,0.10264582,0.35189682,-0.06329486,0.0978521,-0.02761482
0.0013587467,-0.27571112,-0.031215915,-0.08792148,-0.08789903,-0.17715152
-0.07623126,0.0005497112,0.052421194,-0.075284444,0.34314364,-0.046921477
0.3472196,0.2800035,0.2593151,-0.066042416,0.27402484,0.34429473
-0.11147882,-0.018598936,-0.3524861,-0.11745396,0.056458496,0.24656281
0.25467786,0.14501542,0.37821344,-0.21448801,0.12026288,-0.071355455
-0.20781492,0.22010145,0.3156848,-0.6057678,-0.15303732,0.23084688
0.15009566,-0.13816501,0.16491291,-0.38141015,0.056134306,0.099431835
0.11768066,0.11053505,-0.098662674,-0.23491918,-0.22123311,0.08873725
0.007861318,0.29849076,0.29308748,-0.3395896,0.022219226,0.21715109
-0.06497123,0.36895114,0.14114416,-0.35098144,-0.30785522,0.15464115
0.20587462,0.268981,0.054087814,-0.40322337,0.033681158,0.33763918
0.05124898,0.2668259,-0.09550684,-0.71960497,-0.44743204,0.5193963
-0.075254336,0.2836448,0.13091145,-0.19235516,-0.085408926,0.26716766
0.06696592,-0.19863766,0.11527183,-0.05600097,-0.019147335,0.25881633
-0.124280564,-0.056402415,0.17523707,-0.2216705,-0.26090392,0.119142085
0.26926944,0.09246503,0.3650246,-0.38327727,-0.041922547,0.22511978
0.21620815,-0.057481073,0.14855723,0.060974456,-0.046966508,-0.06325604
-0.020925142,-0.037547044,0.26454616,-0.22578868,-0.1250811,0.4379046
0.23398584,0.13139367,0.2607662,-0.28958616,-0.2522959,0.16263689
0.2840764,-0.13722073,0.16526112,-0.42049658,-0.16237585,0.2957873
-0.025532223,-0.004485182,0.5664471,-0.67724663,0.026120123,-0.30085707
0.26407948,-0.1739767,-0.029226314,-0.2655729,0.1516889,0.38205257
0.03645812,-0.197902,0.27567804,0.02165942,-0.061707515,0.1305816
-0.037244607,-0.20170054,0.09215458,-0.45875263,0.007906965,0.30752128
-0.08762754,-0.34508508,0.30802986,-0.2529947,-0.056321256,0.09344501
0.12192625,-0.034175962,0.068073705,-0.44302207,-0.30961898,0.21302997
0.028352095,0.04132633,0.23936145,-0.42272377,-0.12946668,0.34891692
0.24481145,0.050513726,0.20505103,-0.30439016,-0.071228206,0.04985958
-0.059400924,0.055558592,0.141846,-0.12904269,0.12201796,0.21558554
-0.08849279,0.12866262,0.1739361,-0.6510469,-0.3598203,0.30953786
0.14102153,-0.06138431,0.12755513,-0.32322747,0.10901589,0.2127921
0.015787326,-0.042252187,-0.055492,-0.15857933,-0.117668256,-0.109422535
-0.026096825,0.17764983,0.3353242,-0.28606278,-0.09839225,0.20452209
-0.08872268,-0.24037917,0.0080686845,0.03269353,-0.18680896,0.17923483
0.03576051,-0.19134021,0.18871689,-0.27974525,-0.25391248,0.11161005
0.27140558,0.15261997,0.2826774,-0.43806943,-0.10307452,0.12660053
0.58055747,-0.045838784,0.088147,-0.5004598,-0.4555453,0.57829565
-0.12237255,0.26257595,0.2127189,-0.23056722,-0.073097385,0.15363294
-0.1039417,0.118819885,-0.2648974,-0.17894565,0.070617594,0.0870473
0.3880539,-0.206766,0.14719957,-0.50656056,-0.3760486,0.25141683
0.16845508,-0.29899183,0.15535527,-0.5583956,-0.06547341,0.38116443
-0.07581252,-0.052333236,0.23984809,-0.17282608,0.12375843,0.28643033
0.19668418,-0.35229778,0.14268006,-0.49714264,-0.07643575,0.34524885
-0.14870946,0.071033955,0.14840105,-0.45714685,-0.08505844,0.55506444
0.28411564,-0.030494226,0.08597596,-0.12355182,0.041787557,0.21749078
-0.18444759,0.115627,0.12113035,-0.40151817,-0.030654702,0.31551498
0.21641271,0.18466626,0.32930073,-0.09905497,-0.105449535,0.023410214
-0.017911403,-0.09783005,0.102821514,-0.2589873,-0.3001432,0.28936684
0.19226138,0.096551895,0.05047789,0.05119416,-0.1186772,0.19470252
-0.03611161,0.15738346,0.43006715,-0.14352629,-0.13860305,0.21748154
0.0699476,-0.00948835,0.24462636,-0.45408365,-0.19456235,0.27804542
0.2684611,-0.23057641,0.32672736,0.064245455,0.23725976,0.23713665
-0.04642125,-0.124990925,-0.24217814,0.07948728,-0.19014028,0.17103162
0.31759673,-0.2865932,0.39869648,-0.097495675,-0.1703259,-0.031874694
-0.14485602,-0.2649913,0.074935876,-0.4543417,-0.26291993,0.4080623
-0.046265244,0.008479102,0.47657946,-0.3791497,-0.19369616,0.25053
0.15958142,-0.09584869,0.49833953,-0.4612925,-0.011104515,0.30161685
0.3468902,-0.11006544,0.38947526,-0.19405806,-0.16572455,0.07921646
0.11103327,-0.034427643,0.16056994,-0.47772217,-0.06508196,-0.05257122
-0.112797506,-0.12669076,0.10972269,-0.30331942,-0.16921283,0.21262509
0.16037445,-0.17716366,0.24334957,-0.22774561,-0.090282336,0.033276897
0.007728304,0.20458621,0.17741401,-0.33566165,-0.20273232,-0.056828123
0.25934398,0.28686795,0.40748748,-0.24044625,-0.21042809,0.20758945
0.21586774,-0.14136897,0.16828997,-0.033086423,-0.09255819,0.32535434
0.37727213,-0.02802803,0.37842488,-0.317581,-0.05435,-0.16588879
-0.04651891,-0.072314225,0.062892124,-0.6936343,-0.028016215,0.24815334
0.5386689,0.138446,0.43816084,0.10569454,0.20244028,0.15730737
0.1318271,0.27712318,0.18910795,-0.4610054,0.030543283,0.3356479
-0.07649094,0.08962734,0.38953197,-0.6420521,-0.5603081,0.24631104
-0.20331188,0.06977417,-0.1363049,-0.3899355,0.2706346,0.3068748
0.4426336,0.01071703,0.23224308,-0.15978898,-0.24159782,0.47872543
0.23865838,-0.10233982,0.1254118,-0.10673437,0.24970609,0.022397788
0.22743346,0.02965791,0.030382846,-0.31638086,-0.31434768,0.13052009
0.024526997,0.1292904,0.47937098,-0.35377008,-0.22142616,0.0024801814
-0.00354423,-0.2828381,0.13726796,-0.1902066,-0.17386466,0.0014934659
-0.060558632,0.22119607,-0.45104772,-0.106252454,0.17691584,0.22382276
0.3861485,-0.5345995,0.24025168,-0.06657173,0.252717,-0.036332037
0.12101814,-0.4229471,0.101521544,-0.11415314,0.06930132,0.02132327
-0.26878187,-0.31324446,0.15478526,0.108044855,0.28663468,0.18986711
0.04115894,0.026441585,0.2531449,-0.28649658,-0.20447208,-0.025538664
0.087420166,-0.12993811,0.09634145,-0.12527773,0.31890506,0.16897023
0.052035555,-0.0590216,0.16227204,-0.5843401,-0.29210743,0.20717935
0.03871121,-0.073145166,-0.20422043,-0.25210813,-0.24708241,0.43252653
-0.102978975,-0.10503433,0.30102748,-0.50720024,0.03835402,0.20524198
-0.008405159,-0.014426512,0.400503,-0.3483184,0.036798857,0.1842319
0.15092263,0.02427863,-0.07274462,-0.15628675,-0.15062189,0.19086197
0.10680788,0.14467052,0.360863,-0.58959407,-0.48394212,-0.05900382
-0.013322772,0.26382294,-0.24648844,-0.44899806,-0.21399663,0.46679792
-0.11736315,-0.023958586,0.0486953,-0.20297614,-0.014606384,0.3964069
0.026383981,-0.07966375,0.5536104,-0.5045033,-0.059445523,0.19095598
-0.15168849,-0.2910237,0.1010891,-0.48409033,0.00597934,0.51273984
0.023392536,-0.107518554,0.018145612,-0.16476338,-0.24316782,0.20215774
0.18230103,-0.26029176,-0.19845407,-0.3773185,-0.08757448,0.20602597
-0.3667045,-0.061931342,0.11851784,-0.07064405,-0.024242338,0.27089193
-0.057630736,-0.19663024,-0.05380553,-0.24300313,-0.03263563,0.2908823
0.046840824,-0.26752606,-0.058345057,-0.55793387,-0.31083128,0.4154571
0.21037045,0.17335553,0.16031526,-0.10259389,-0.15445709,0.15990148
0.2456981,0.32758883,0.4185422,-0.3411944,-0.3603933,0.014027416
0.35605744,0.15805058,0.40347692,-0.49397972,-0.13247198,0.4226808
0.19630472,0.051448997,-0.03001155,-0.13297401,0.15223159,0.32004878
-0.017478593,-0.17343774,0.42358696,-0.36092323,-0.1126077,0.32696107
0.26783657,0.12410758,0.13058057,-0.4838934,-0.29412103,0.3945111
0.17293113,0.12424811,0.45704728,-0.53691685,-0.46829876,0.25111625
-0.028384361,0.1546792,0.42820394,-0.30520883,-0.045897007,0.3847061
-0.062143862,0.19445209,0.31025365,-0.3859812,-0.09879526,0.11764331
-0.10034477,-0.15104145,0.12211856,-0.011752526,-0.21115637,0.43852085
-0.07144918,-0.10090498,0.12233598,-0.3658055,-0.18814822,0.20571916
0.09554744,0.023742702,0.15834887,-0.41274473,-0.11452646,0.3011336
0.40925828,-0.2642312,-0.029107518,0.05309653,0.26093704,0.036481418
0.055044737,-0.04484019,0.14415714,-0.12968493,-0.13152385,0.31876522
0.14567114,-0.24062973,0.2157611,-0.063408546,0.043183442,0.40349942
0.2575671,-0.17891291,0.31537634,-0.46187755,-0.036139254,0.5392678
0.0028913685,0.0010412034,0.47255066,-0.2650803,-0.16329499,-0.11511857
-0.12452086,0.14729203,-0.08105112,-0.22510897,0.2027501,0.36544895
-0.061480265,0.17785889,0.123161495,-0.19209117,-0.016048841,0.34382212
0.2121018,-0.02372969,0.13578032,-0.58273196,-0.12936758,0.31209856
-0.13278855,-0.003244709,0.25649557,-0.43463925,-0.26595303,-0.01501106
0.18479823,0.30649504,0.23449941,-0.21904373,0.040335804,0.00080696476
-0.058437098,-0.13422106,0.17786181,-0.10188362,0.2535806,0.3287626
0.09712901,0.055275425,0.3123818,-0.3402514,0.17202999,0.2018059
0.31889752,-0.19445175,0.0933815,0.16293524,0.27008268,0.17374809
0.08849973,-0.19743766,0.36572868,-0.36327487,-0.17468458,0.27602673
0.26413727,-0.052444942,0.16961648,-0.27580047,0.012453643,0.04916677
-0.20759615,0.12978522,0.1391923,-0.48343685,-0.5360417,0.43395284
0.24269725,0.008991491,0.038320832,-0.41776597,-0.23078528,0.60530955
0.2923745,0.13263506,0.009686607,-0.3809656,-0.10131461,0.21840757
0.2575942,0.09746786,-0.25628215,-0.22920756,-0.4500925,0.21928725
0.02068886,-0.16996934,0.16263177,-0.35059917,-0.23897058,0.2656549
0.28730762,0.00039958206,0.38842344,-0.38711163,0.10434843,0.3127518
0.30236158,0.03147344,0.35119078,-0.25050515,0.011322647,-0.0676166
0.21368098,-0.08703245,0.035657644,-0.41847888,-0.048286922,0.37207332
0.22701383,0.051931344,0.17572568,0.07105767,0.022849085,-0.05940675
-0.10549083,0.15024605,-0.018087188,-0.27921712,0.06593199,0.3782059
-0.11824969,-0.08683965,-0.06576984,-0.30830204,-0.28742298,0.53512305
0.06720904,-0.086485,0.14606726,-0.14566746,-0.274429,0.19896692
0.02610217,0.07468381,0.41011813,-0.3595725,-0.18481265,0.13710865
0.06586919,-0.12691845,0.37586448,-0.28894776,-0.21031599,0.4648391
0.20499277,-0.01235189,0.400328,-0.17984128,-0.28111225,0.35730603
0.2633256,-0.007564773,0.27843902,-0.38792166,-0.12157404,0.099836595
0.13524652,0.23981768,0.2966434,-0.4063999,-0.30862474,0.027594991
0.019729825,0.14184478,0.19693767,-0.37614858,-0.3239235,0.234388
-0.0011840718,0.032147262,0.55076665,-0.31356344,0.2637736,0.12642685
0.19193369,-0.026761303,0.3717023,-0.07633479,0.022390177,-0.14369595
0.060262024,-0.0039998526,0.25278383,-0.3949498,-0.18972282,0.21036518
0.21257418,-0.15927614,0.34704673,-0.17495473,-0.072808295,0.032671433
-0.29888603,0.22948347,0.27392918,-0.56713986,-0.3439652,0.15281154
0.14958535,0.2960284,0.15763639,-0.12886393,0.068738416,0.13116744
0.22511369,0.12902439,0.44305632,-0.28701952,-0.15917619,0.24447313
-0.103649125,-0.38034317,0.2860902,-0.22992606,-0.18374589,0.21056077
0.13946506,-0.020718,0.1630328,-0.120431826,0.1008392,0.04746587
0.18309349,-0.1450284,0.063735195,-0.05407314,0.084044084,0.32079303
0.31287858,-0.21125442,0.3266317,-0.6061167,-0.13543366,0.50135803
-0.027535576,0.16334802,0.39989656,-0.22510967,0.14403401,0.14695227
0.13424082,0.06593885,0.32934237,-0.38725063,0.10400121,0.039753985
-0.0018467435,0.110682175,0.061310906,-0.06899817,-0.21398278,0.32555047
0.22837283,0.076322235,0.4395823,-0.39990187,-0.07955994,0.15670015
0.23831804,0.13101323,-0.0132622095,-0.29256567,0.03538406,0.26642758
0.082592174,0.05592046,-0.040712886,-0.019499475,0.28722185,0.19394149
0.31223813,0.01313955,0.449535,-0.27645564,-0.31473237,0.33247045
0.07483978,0.24922763,0.34294,-0.35375673,-0.003379034,-0.012336884
0.005920728,-0.09161523,-0.13720614,-0.32353732,-0.01082066,0.38861758
0.14244486,-0.08439326,-0.21959896,-0.57247454,-0.1321667,0.4697583
-0.09089592,0.23035015,0.121509574,-0.060257442,-0.07620391,0.1646195
0.13443889,-0.0872811,0.13402501,-0.495918,-0.39387107,0.5092565
0.17595659,0.053379063,0.15765949,-0.2220753,-0.050018057,0.11938997
-0.016000224,0.16963384,0.17685847,0.016178023,0.17254694,0.26343092
-0.08217321,-0.009981673,0.1798976,-0.5136485,0.05602501,-0.11431634
0.16363016,-0.020177495,-0.02207787,-0.58836883,-0.08160354,0.6143244
0.10224826,0.19086042,0.34726527,-0.5246973,-0.2328189,0.3194842
0.29790446,-0.20433646,-0.028718723,-0.1131375,0.042142965,-0.08943141
0.42123163,0.22887067,0.4407537,-0.34867647,-0.34643131,-0.022627316
0.315221,0.07795064,-0.21622899,-0.36600742,-0.14631006,0.2581132
0.13521469,-0.12006719,0.014218199,-0.41647893,-0.3691003,0.084709756
0.1218496,0.33129826,0.12473064,-0.38065237,-0.31304005,0.12842916
0.035205815,-0.08805379,-0.049815297,-0.2026249,0.009222432,0.301199
0.006441415,-0.049070008,-0.015730431,-0.16772994,0.242843,0.16709727
0.051584013,0.014823319,0.3617083,-0.41751906,-0.19301352,0.24179643
-0.3400437,-0.05735853,0.3823012,-0.20997915,-0.2856971,0.24093632
0.14079884,-0.10529295,0.32590425,-0.17121798,-0.25541157,0.051470898
-0.11575753,0.37446782,-0.11388773,-0.14923872,0.08664312,0.36078736
0.30951202,0.20349607,0.4579033,-0.3140729,-0.14953697,0.27452883
-0.12895371,0.13051651,0.22976075,-0.22146636,-0.16748612,0.17197655
-0.43032512,-0.12991816,-0.2597182,-0.3902987,0.116241224,0.52626944
0.24825087,0.087004535,0.5811743,-0.2802187,0.20666605,-0.03665332
-0.0108781485,-0.035390843,0.3231354,-0.36121547,-0.31517094,0.2555367
-0.18079758,0.040192645,0.21159473,-0.095454164,0.17732832,-0.038806655
-0.01021638,0.022046354,0.32403943,-0.21691856,-0.2876315,0.3244653
-0.13758546,0.2865846,0.40657103,-0.3724722,-0.23722261,0.056507587
0.36433664,-0.051618606,0.30676678,-0.1555689,0.0049215234,0.015013044
0.112118386,0.027241522,-0.19352455,-0.08400688,-0.047695756,-0.13402735
0.0034749517,0.07238826,0.060100887,-0.24503504,0.17802875,0.17107159
0.2016353,0.3341645,0.3158554,-0.4078659,-0.0042737834,0.22877695
-0.082252,0.12303389,0.14989085,-0.41590917,-0.30973926,0.38901055
0.0829363,-0.17409517,0.4774729,-0.44560832,-0.3575129,0.26833454
-0.037571758,-0.05317835,0.057425644,-0.30893812,-0.2575885,0.19515802
-0.10039814,0.21881784,-0.00522313,-0.34588885,-0.33023033,0.16538735
0.20941924,0.37401313,0.26314092,-0.33583128,-0.29211015,0.021576889
-0.14217481,-0.012291326,0.16774048,-0.26355708,-0.3097481,0.3308787
-0.074434176,0.037611898,0.21980707,-0.54416203,-0.1519018,0.5734619
-0.19941002,-0.004075613,-0.07611196,-0.19583374,0.15474267,0.28887692
0.16544402,-0.024386644,0.26589888,-0.112817325,-0.29940045,0.009441643
0.10659934,-0.02760864,0.110141896,-0.42329672,-0.12581047,0.4601381
0.112818785,-0.35048577,0.231898,-0.24646084,-0.041340403,-0.092166826
0.15822396,0.022669539,0.20526467,-0.09293596,-0.0132625075,-0.020055477
0.14184116,-0.34593555,0.24563994,-0.14613263,0.053449553,0.0063058906
0.038091816,-0.29720563,0.043398835,-0.05632107,-0.084248126,0.4083267
0.19853821,0.2757954,0.08426387,-0.40530062,-0.19172925,0.25757226
-0.067684434,-0.23405677,0.55106294,-0.22023621,-0.079224825,0.21515948
0.013936124,0.12272962,0.46278983,-0.06454938,0.036850978,0.12521695
0.09960647,-0.17856148,0.31478673,-0.49092203,-0.07840963,0.32881528
0.23259035,-0.008321306,0.40907854,-0.045355733,-0.18259253,0.08235406
0.16377,0.26974016,0.34803462,-0.26956838,-0.066816434,0.2542055
0.029946318,-0.11834733,0.28109846,-0.43992242,-0.13746715,0.3591506
0.16414641,-0.049622707,0.016997138,-0.31221834,-0.20556456,0.41648835
-0.024447523,-0.2229322,0.068899095,-0.22176778,-0.46746302,0.45315534
0.062186293,-0.07320702,0.457845,-0.026127568,-0.14476919,0.0064016785
-0.05306201,-0.05148534,0.11614357,0.14878137,-0.14196233,0.26900697
-0.0013329267,-0.114573225,0.12820956,-0.02670028,-0.12069592,0.28803086
0.29613757,-0.013366417,0.15017763,-0.35953304,0.004952681,0.35342023
0.120156996,0.06983689,0.0075545437,-0.5265008,0.023479981,0.14897154
0.041424733,-0.30118552,0.18504937,-0.23837475,0.13368668,0.18038213
0.0640053,0.06918222,0.29329056,-0.45019016,-0.13344744,0.24348904
-0.06491838,0.1568122,-0.027281286,-0.49209636,-0.17134798,0.17664891
-0.23644198,0.11401044,-0.22692041,-0.63663936,-0.38973823,0.3025757
0.081045784,-0.20607981,0.48674032,-0.44499162,-0.18540074,0.516776
0.07916142,-0.25611845,-0.046236664,-0.0595488,0.04834719,0.16668119
0.24581167,-0.078643344,-0.032024596,-0.089112476,0.21512668,0.18876173
0.33262002,-0.3167074,0.1393013,-0.4571652,-0.2706784,0.29496732
0.0010270175,-0.1339097,0.49714595,-0.11064737,0.0060034865,-0.09332717
0.021303052,0.27939072,0.011220707,-0.41857395,0.22136723,0.07457597
0.26693043,0.01151268,0.113652475,-0.3235953,-0.0066654067,0.2620006
0.328659,0.07802639,0.20754771,-0.1486939,-0.42166588,0.11440294
0.2855593,0.4061482,0.08933837,-0.09541259,-0.3025388,0.021455556
0.20566286,0.09720675,0.35055128,-0.019354474,0.31547534,0.013480597
0.14693794,-0.19553272,0.23364387,-0.19327284,0.07955577,0.33766854
0.0010447648,0.18732007,0.3210835,-0.2349935,0.1404775,0.21735874
0.28937852,-0.1166144,0.13864382,-0.3726152,-0.13752903,0.1699271
0.41818374,0.17190038,0.39617795,-0.43215787,-0.3443075,0.0134539865
0.098438546,-0.038492277,0.29915243,-0.5108983,-0.16632019,0.2737319
-0.13784167,-0.15347128,0.026616551,-0.1727569,-0.36498973,0.36589512
0.0031922797,-0.1236587,0.21278861,-0.0029996394,0.06752306,0.11040747
0.082800046,0.279725,0.4657414,-0.4937163,-0.28379533,-0.06894324
0.31785253,-0.073413946,0.050152205,-0.38940424,-0.18602884,0.39024994
-0.011403349,-0.04988346,0.10534317,-0.02013934,-0.0054578464,0.21159692
-0.059879642,-0.11657335,-0.18853804,-0.53522575,-0.51338273,0.30700293
0.035362437,0.29056394,-0.037346,-0.2723057,-0.14415577,0.39970547
0.16251327,0.014480435,0.43643734,-0.6728311,-0.048169415,0.25147107
-0.06835164,-0.014336602,-0.06304192,0.061243296,0.101662636,0.3182717
-0.08399659,-0.06633738,0.05341144,-0.41391027,0.08931974,0.16223253
0.18847588,0.32776022,0.23307177,-0.36211783,-0.36470744,0.21674278
0.19831204,0.01748107,0.3564666,-0.12376049,-0.1297435,0.06861231
-0.06539088,-0.012112308,0.14094761,-0.2701977,-7.220358e-05,0.25289258
0.015537084,0.2588743,0.11502985,-0.19915752,-0.3109626,0.20651156
0.14980717,-0.0055606985,-0.026245324,-0.28558713,0.0796431,0.15316625
-0.0469815,0.010517977,0.24307927,-0.45053667,-0.12777244,0.24380279
0.1887915,0.112742625,0.45530817,-0.531839,-0.637491,0.5358909
-0.1336968,-0.1404909,-0.042014662,-0.24186066,-0.15886949,0.39535025
0.120467335,0.11198754,0.31643534,-0.40283778,-0.40120724,0.35462317
0.089336395,0.03003227,0.048646096,-0.12821247,0.02897417,0.2468507
0.11987336,0.21436995,0.25846556,-0.22395983,0.06628428,0.5114846
0.015941015,0.1834267,0.33764452,-0.59347475,-0.4487313,0.5656654
0.22767363,0.11036239,0.18788536,-0.09600789,-0.25546175,0.15375389
0.036920164,-0.18686734,0.13117784,-0.38600543,-0.07065676,0.40825492
0.15038261,-0.062359188,0.10594209,-0.51726973,-0.41635284,0.32773358
0.14746611,-0.05361088,0.5287804,-0.53801084,0.23186255,0.20785056
0.1435588,-0.0089149345,0.33963376,-0.09021614,-0.532005,-0.09335696
0.19043516,-0.08503131,0.3977152,-0.32700518,-0.17639925,0.27492362
0.1668246,-0.103619635,-0.0797525,-0.44967118,-0.1375909,0.36558235
0.051087063,0.2197112,0.059020337,-0.024746096,0.05233285,0.3667362
-0.057670455,0.09274625,0.14425343,-0.00324342,0.21551086,0.21055295
0.14797774,-0.15510911,0.080479175,-0.27594984,0.23440182,0.3847255
0.07565723,0.110592835,0.18861341,-0.2986467,-0.2878702,0.24628657
0.04617198,0.027906256,0.13270158,-0.17487155,0.02414908,0.14810443
-0.0324679,0.03845325,0.056958538,-0.266457,0.109546036,0.21103759
0.016554698,-0.41466227,-0.20472535,-0.0724172,-0.085868776,0.21267612
0.16040292,0.15070204,0.52034324,-0.10250542,-0.38511893,-0.028353432
0.10306451,0.15526241,0.110137895,-0.5750708,-0.46341893,0.3354641
0.13864857,0.12684993,0.10794641,-0.31737432,-0.15884985,-0.12263303
0.0997869,0.16690256,0.06376846,-0.13903676,-0.20296213,0.21802665
0.17506175,0.33658656,0.20765816,-0.546518,-0.6024669,0.12265409
0.4006216,-0.2526426,0.31356308,-0.030530613,-0.099654175,-0.10565449
-0.085486025,0.08025833,0.40196165,-0.17874399,0.013005351,0.1116088
0.20505758,-0.28322008,0.122120306,-0.4999937,-0.00042132285,0.62262124
-0.05704228,-0.105524756,0.42448542,-0.20936356,-0.22654447,-0.016207837
-0.08526271,-0.018143645,-0.025973102,-0.09069894,0.27200523,0.14983475
0.12016713,0.1357945,0.090930015,-0.22072367,0.00941213,0.3331671
-0.0749367,-0.06811405,0.18023443,-0.4512523,-0.31174114,0.3868423
0.11857287,-0.3244037,-0.073898986,0.027631266,0.16777423,0.39817065
-0.039287504,-0.023532895,0.1516391,-0.22547045,0.2092982,0.11417411
0.23781301,0.25495324,0.12303821,-0.20674273,-0.03649098,0.27730256
0.11480465,-0.15496923,0.267038,-0.29368222,0.10504203,0.14046238
-0.17368332,0.1158609,0.42889717,-0.5270745,-0.3133114,0.4728029
0.108095236,0.29865697,0.292669,-0.2535037,0.15598129,0.1929075
0.162892,0.088220865,-0.05605158,-0.55451655,-0.0326278,0.20664492
0.15971395,0.052207377,-0.15237287,-0.24253201,0.005208341,0.06576012
0.039012365,-0.22200602,0.05257892,-0.035751954,0.1379524,0.1967236
0.35865575,0.098259084,0.301381,-0.33469415,-0.18067418,0.17686157
-0.13704394,-0.28180736,0.600761,-0.61146325,-0.049857914,0.406823
0.45499286,-0.028938355,0.64095306,-0.43667775,0.0072634136,0.24236462
0.037628215,0.08487674,0.03845447,-0.4108892,-0.0038865386,0.39882436
0.34136325,0.19353664,-0.082075745,-0.26508173,-0.28681248,0.19297965
0.10236536,0.21132907,0.2818242,-0.35321528,-0.12950127,0.22478561
0.07019902,0.058708537,0.20935945,-0.20435087,0.015616809,0.032956876
-0.04942258,-0.09448724,0.047172967,-0.4071973,-0.16571388,-0.006203065
0.11480063,0.013107637,0.091849975,-0.15745386,-0.00939802,0.31803915
0.12107225,0.22903602,0.44192997,-0.604554,-0.3763019,0.0607889
-0.009244588,-0.2756851,0.16702706,-0.3173388,-0.13399495,0.24070372
0.14710464,-0.045176454,0.15223922,-0.08603017,0.11888496,0.2747786
-0.008325205,-0.12597792,0.09272191,-0.38678488,-0.18087177,0.34418088
0.26471263,0.055643447,-0.057166714,-0.18612115,0.01487389,0.10886035
0.2788705,0.0106138475,-0.0120572345,-0.20073721,-0.29090032,0.113550164
-0.10495958,0.030755425,0.17561369,-0.22588533,-0.2818733,0.16380507
-0.061546147,-0.058654163,0.09396842,-0.40743333,0.23466079,0.41216218
0.08516515,0.0051289755,0.11465407,-0.1523093,-0.2979383,-0.08533665
-0.09276631,0.027361402,0.4177375,-0.27118903,0.14458507,0.15198196
-0.080874644,-0.006904898,0.3593404,-0.20194992,-0.0029565084,-0.0006877928
0.34839714,0.09261003,-0.112606734,-0.46443057,-0.16373636,0.6349537
0.27708244,0.011362831,0.10474978,-0.20423035,-0.2413289,0.09228289
-0.0673774,-0.112458214,-0.1940336,0.025554145,0.21425545,0.3874606
0.120714955,0.1283616,0.35709837,-0.21782051,-0.14211135,0.06151542
0.07340659,-0.23346144,0.17875665,-0.5594883,-0.12497517,0.29299748
0.06678308,0.009338216,0.20996092,-0.12473741,-0.07006326,0.15507315
0.23330794,-0.045065027,0.35426244,-0.22320308,0.13399753,-0.050784536
0.17261873,0.32893163,0.36481827,-0.3494133,-0.11392581,0.46403942
-0.08004158,0.11446439,-0.07795684,-0.08241171,-0.14942019,0.45467323
0.13805033,-0.15974884,0.18423942,-0.5883716,-0.10404535,0.22524035
0.31753504,0.26622528,0.16675572,-0.15240519,-0.13730629,0.23095907
-0.048460785,0.085288905,0.31749007,-0.27369407,-0.29210508,0.44074452
0.107679084,0.037502196,-0.5322428,-0.28097525,0.32847595,0.17223558
0.15016598,0.18758093,0.37391216,-0.40702513,-0.26302302,0.28096563
0.20168427,0.06463338,0.04325995,-0.2058038,-0.08805694,0.22077282
-0.21736926,-0.022935096,0.14489065,-0.051409338,0.1039143,-0.016445082
0.16867393,-0.0004771426,0.38102028,-0.57020795,-0.26004246,0.47882393
0.14130963,0.14662229,0.32740936,-0.27518654,0.19230199,0.21925229
0.32673752,0.047207605,0.33385727,-0.30902514,-0.27697465,-0.285733
-0.18924648,-0.042110603,0.0034170316,-0.2811403,-0.008409235,0.16129799
-0.009309738,-0.25772834,0.6452238,-0.16084225,0.0945207,0.073903695
0.20405075,0.11377033,0.40171447,-0.17109783,0.122694746,0.03144741
0.48394674,-0.299554,-0.021053905,0.01470141,0.1762033,0.40590382
-0.056180395,0.052225567,-0.0745748,-0.0021256176,0.064921066,0.23811963
0.29099724,0.11156552,0.06345806,0.05047973,0.12934205,0.20296085
-0.033025313,0.10440379,0.26262298,-0.51444787,-0.23674825,0.35075656
-0.008759989,-0.10257672,-0.043978773,-0.33901188,-0.060698953,0.39336246
-0.045931585,0.14502586,-0.02288783,-0.3344899,-0.02918552,0.14264353
-0.19775589,-0.08362266,0.30961964,-0.24268107,-0.18141033,0.4405531
0.07563517,0.29344124,0.2279461,-0.51116145,-0.04745669,0.35288057
0.07923752,-0.011723048,-0.090010636,-0.28600037,0.31722736,0.23639795
-0.015180837,-0.22362044,0.0051151663,-0.19125272,0.050341938,0.1797299
0.07060434,0.19741853,0.06961435,-0.042727087,0.056912124,0.07222406
0.3108381,0.09049856,0.094346076,-0.39502773,0.050947376,0.28894407
0.37337354,0.2981409,0.3286382,-0.35302567,-0.44779727,-0.38804558
-0.15027502,-0.3711185,0.029341659,0.24910298,-0.13508506,0.3594065
0.025342625,0.17208715,0.4701853,-0.4493564,-0.20798941,0.15370516
-0.08600663,-0.021646447,0.11779328,-0.47414964,-0.3816394,0.021455832
0.026102372,0.4900947,0.34993502,-0.39809442,-0.114882424,0.17625752
-0.031047935,-0.08287852,0.34093276,-0.4863191,-0.16099885,0.26657864
0.2827578,0.076594725,0.031635966,-0.25665972,0.3539649,0.2642472
-0.059428815,-0.09090989,0.19649509,-0.2669148,-0.18332551,0.099183634
0.17001234,-0.23720407,0.4655931,-0.22116894,-0.20011295,0.24801418
-0.098311536,0.11487702,0.25537175,-0.20997413,0.056268178,0.4292962
0.012405929,-0.00338438,0.1722692,-0.55019337,-0.28449586,0.18932804
-0.1609968,-0.27613285,-0.3068698,-0.33240974,0.0012798824,0.50776404
0.1364108,-0.05556744,0.2986447,0.028341055,0.2576578,0.236195
0.016166463,-0.26987535,-0.066092394,-0.22431211,-0.3860238,0.18994267
0.16830343,0.3131702,0.051437166,-0.19027147,-0.17114048,0.2532489
-0.008428926,-0.18695967,0.12710766,-0.39091235,0.08359364,0.11984084
0.017376477,0.27711606,0.13398975,-0.43101612,-0.16221757,0.35219532
-0.21163297,0.03268838,-0.18066032,-0.40443426,0.06477918,0.21503583
0.22762415,-0.101115674,0.074150644,-0.15585867,-0.24977234,0.09839977
-0.0066090752,-0.26522672,0.02195179,0.10898924,0.16448015,-0.14008577
0.2127964,0.06650936,0.45846507,-0.406372,-0.23701756,0.31338367
0.075032316,0.035294104,0.2832367,-0.16926143,-0.096135505,0.20770247
0.22027051,-0.16627434,0.14312278,-0.23730677,-0.2586255,0.33290777
0.0057831435,-0.010454114,0.4042732,-0.5047311,-0.3628829,-0.007732158
0.26618502,0.45994768,-0.042525347,-0.38345507,-0.4148777,0.4853995
0.14259823,-0.13557103,-0.19766864,-0.39478573,-0.021524249,0.08346249
-0.011046054,-0.0260925,0.23944463,-0.27049205,-0.26789355,0.0120542245
-0.08658749,0.024446853,0.118707545,-0.3284458,-0.34971228,-0.0072266804
-0.04394989,0.15311615,0.29437584,-0.46531025,-0.40919232,0.34750324
0.056098823,0.046655413,0.13740478,-0.5255714,-0.2030656,0.29173383
-0.10024702,0.29804045,0.23714656,-0.4258595,0.06493308,0.50386107
-0.32502,-0.13873416,-0.082651414,-0.14067848,-0.23483521,0.34856236
0.06464202,-0.03180832,0.065620475,-0.19016935,0.19948912,0.18130606
0.20603558,0.0012600638,0.048958007,0.027038986,-0.1623489,0.24523439
0.031280294,0.06299878,-0.0035834084,-0.33319405,0.06423438,0.17380258
0.19689727,-0.16584146,0.3096411,-0.3385033,0.34787744,0.003232764
0.45399797,0.21842767,0.079383336,-0.508436,-0.07478229,-0.052152988
-0.0863841,-0.01745636,0.21200845,-0.40748546,-0.13665104,0.24236542
0.06968113,0.12351747,0.4973471,-0.3501529,-0.24884303,0.40001765
-0.09609633,0.21087517,0.17291173,-0.44462624,-0.254302,0.31017333
-0.1681562,0.14894664,0.18767938,-0.49893093,-0.2964367,0.29090926
0.03455502,0.14863336,0.26311362,-0.2862584,0.19477788,0.12922691
-0.27671897,0.0061059208,0.09148784,-0.30038056,-0.5576226,-0.026372537
-0.06980524,0.26181123,0.22808821,-0.28974414,0.035390627,0.13498537
-0.14933087,-0.015705748,0.42047513,-0.43724597,0.063803606,0.062220085
-0.20087916,0.16000901,0.16504224,-0.32096264,-0.18320914,0.35228586
0.26351437,-0.086011626,0.4098732,-0.1697185,0.05134453,-0.06756063
0.1490778,-0.12981479,0.47359174,-0.67887694,-0.34869307,0.59364605
0.27980313,-0.14622541,0.49660733,-0.23998767,-0.08339064,-0.08961625
0.24782954,-0.2679946,-0.20759085,-0.2799099,-0.12232923,0.4970604
-0.09914158,0.2699025,0.2492643,-0.30323392,-0.08693587,0.2553201
0.35894945,0.15976763,0.04382766,-0.24079186,-0.21821675,0.33377275
0.10100058,0.22717975,0.033116158,-0.35621324,-0.031905346,0.101683065
0.21873613,0.02042417,0.25881878,0.07145611,0.021316607,-0.1161815
0.058064956,0.18972261,0.39182773,-0.6805409,-0.18951802,0.40019548
0.18012586,0.20012467,0.1758901,-0.16918956,-0.2810728,0.30906087
-0.031172477,0.013799957,-0.17479764,-0.20411304,-0.09779606,0.2126923
